{
  "name": "Application",
  "type": "ARM",
  "mode": "STM32F10XXX",
  "toolchain": "AC5",
  "dependenceList": [
    {
      "groupName": "custom",
      "depList": [
        {
          "name": "default",
          "sourceDirList": [],
          "libList": [],
          "incList": [
            "./.",
            "./../SystemLibraries/delay",
            "./../SystemLibraries/sys",
            "./../SystemLibraries",
            "./../Kernel",
            "./../FwlibLibraries/inc",
            "./../BoardHardware",
            "./../BoardHardware/ADC",
            "./../BoardHardware/DAC",
            "./../BoardHardware/DMA",
            "./../BoardHardware/EXTI",
            "./../BoardHardware/GBK_LibDrive",
            "./../BoardHardware/IIC",
            "./../BoardHardware/KEY",
            "./../BoardHardware/LCD",
            "./../BoardHardware/LED",
            "./../BoardHardware/SPI",
            "./../BoardHardware/TIMER",
            "./../BoardHardware/TOUCH",
            "./../BoardHardware/W25QXX",
            "./../BoardHardware/WDG",
            "./../SystemLibraries/usart",
            "./../BoardHardware/AHT10",
            "./RTE/_STM32F10XXX"
          ],
          "defineList": [
            "STM32F10X_HD",
            "USE_STDPERIPH_DRIVER"
          ]
        }
      ]
    }
  ],
  "compileConfig": {
    "cpuType": "Cortex-M3",
    "floatingPointHardware": "none",
    "useCustomScatterFile": false,
    "scatterFilePath": "undefined",
    "storageLayout": {
      "RAM": [
        {
          "tag": "RAM",
          "id": 1,
          "mem": {
            "startAddr": "0x0",
            "size": "0x0"
          },
          "isChecked": false,
          "noInit": false
        },
        {
          "tag": "RAM",
          "id": 2,
          "mem": {
            "startAddr": "0x0",
            "size": "0x0"
          },
          "isChecked": false,
          "noInit": false
        },
        {
          "tag": "RAM",
          "id": 3,
          "mem": {
            "startAddr": "0x0",
            "size": "0x0"
          },
          "isChecked": false,
          "noInit": false
        },
        {
          "tag": "IRAM",
          "id": 1,
          "mem": {
            "startAddr": "0x20000000",
            "size": "0x10000"
          },
          "isChecked": true,
          "noInit": false
        },
        {
          "tag": "IRAM",
          "id": 2,
          "mem": {
            "startAddr": "0x0",
            "size": "0x0"
          },
          "isChecked": false,
          "noInit": false
        }
      ],
      "ROM": [
        {
          "tag": "ROM",
          "id": 1,
          "mem": {
            "startAddr": "0x0",
            "size": "0x0"
          },
          "isChecked": false,
          "isStartup": false
        },
        {
          "tag": "ROM",
          "id": 2,
          "mem": {
            "startAddr": "0x0",
            "size": "0x0"
          },
          "isChecked": false,
          "isStartup": false
        },
        {
          "tag": "ROM",
          "id": 3,
          "mem": {
            "startAddr": "0x0",
            "size": "0x0"
          },
          "isChecked": false,
          "isStartup": false
        },
        {
          "tag": "IROM",
          "id": 1,
          "mem": {
            "startAddr": "0x8000000",
            "size": "0x80000"
          },
          "isChecked": true,
          "isStartup": true
        },
        {
          "tag": "IROM",
          "id": 2,
          "mem": {
            "startAddr": "0x0",
            "size": "0x0"
          },
          "isChecked": false,
          "isStartup": false
        }
      ]
    },
    "options": "null"
  },
  "uploader": "JLink",
  "srcDirs": [
    "./.eide/deps"
  ],
  "virtualFolder": {
    "name": "<virtual_root>",
    "files": [],
    "folders": [
      {
        "name": "Application",
        "files": [
          {
            "path": "main.c"
          },
          {
            "path": "stm32f10x_it.c"
          },
          {
            "path": "system_stm32f10x.c"
          }
        ],
        "folders": []
      },
      {
        "name": "BoardHardware",
        "files": [
          {
            "path": "../BoardHardware/AHT10/aht10.c"
          },
          {
            "path": "../BoardHardware/KEY/key.c"
          },
          {
            "path": "../BoardHardware/LED/led.c"
          },
          {
            "path": "../BoardHardware/TOUCH/touch.c"
          },
          {
            "path": "../BoardHardware/W25QXX/w25qxx.c"
          }
        ],
        "folders": []
      },
      {
        "name": "FwlibLibraries",
        "files": [
          {
            "path": "../FwlibLibraries/src/misc.c"
          },
          {
            "path": "../FwlibLibraries/src/stm32f10x_adc.c"
          },
          {
            "path": "../FwlibLibraries/src/stm32f10x_bkp.c"
          },
          {
            "path": "../FwlibLibraries/src/stm32f10x_can.c"
          },
          {
            "path": "../FwlibLibraries/src/stm32f10x_cec.c"
          },
          {
            "path": "../FwlibLibraries/src/stm32f10x_crc.c"
          },
          {
            "path": "../FwlibLibraries/src/stm32f10x_dac.c"
          },
          {
            "path": "../FwlibLibraries/src/stm32f10x_dbgmcu.c"
          },
          {
            "path": "../FwlibLibraries/src/stm32f10x_dma.c"
          },
          {
            "path": "../FwlibLibraries/src/stm32f10x_exti.c"
          },
          {
            "path": "../FwlibLibraries/src/stm32f10x_flash.c"
          },
          {
            "path": "../FwlibLibraries/src/stm32f10x_fsmc.c"
          },
          {
            "path": "../FwlibLibraries/src/stm32f10x_gpio.c"
          },
          {
            "path": "../FwlibLibraries/src/stm32f10x_i2c.c"
          },
          {
            "path": "../FwlibLibraries/src/stm32f10x_iwdg.c"
          },
          {
            "path": "../FwlibLibraries/src/stm32f10x_pwr.c"
          },
          {
            "path": "../FwlibLibraries/src/stm32f10x_rcc.c"
          },
          {
            "path": "../FwlibLibraries/src/stm32f10x_rtc.c"
          },
          {
            "path": "../FwlibLibraries/src/stm32f10x_sdio.c"
          },
          {
            "path": "../FwlibLibraries/src/stm32f10x_spi.c"
          },
          {
            "path": "../FwlibLibraries/src/stm32f10x_tim.c"
          },
          {
            "path": "../FwlibLibraries/src/stm32f10x_usart.c"
          },
          {
            "path": "../FwlibLibraries/src/stm32f10x_wwdg.c"
          }
        ],
        "folders": []
      },
      {
        "name": "Kernel",
        "files": [
          {
            "path": "../Kernel/core_cm3.c"
          },
          {
            "path": "../Kernel/startup_stm32f10x_hd.s"
          }
        ],
        "folders": []
      },
      {
        "name": "LCDLibraries",
        "files": [
          {
            "path": "../BoardHardware/GBK_LibDrive/GBK_LibDrive.c"
          },
          {
            "path": "../BoardHardware/LCD/FONT.c"
          },
          {
            "path": "../BoardHardware/LCD/lcd.c"
          },
          {
            "path": "../BoardHardware/LCD/Picture.c"
          }
        ],
        "folders": []
      },
      {
        "name": "PeripheralsLibraries",
        "files": [
          {
            "path": "../BoardHardware/SPI/spi.c"
          },
          {
            "path": "../SystemLibraries/usart/usart.c"
          }
        ],
        "folders": []
      },
      {
        "name": "SystemLibraries",
        "files": [
          {
            "path": "../SystemLibraries/delay/delay.c"
          },
          {
            "path": "../SystemLibraries/sys/sys.c"
          }
        ],
        "folders": []
      },
      {
        "name": "ThirdPartyLibraries",
        "files": [],
        "folders": []
      }
    ]
  },
  "excludeList": [],
  "outDir": "build",
  "deviceName": null,
  "packDir": null,
  "uploadConfig": {
    "bin": "",
    "baseAddr": "0x08000000",
    "cpuInfo": {
      "vendor": "ST",
      "cpuName": "STM32F103C8"
    },
    "proType": 1,
    "speed": 8000,
    "otherCmds": ""
  },
  "uploadConfigMap": {},
  "miscInfo": {
    "uid": "a8288ad3fcf66380bc10f732c8f2972a"
  },
  "targets": {
    "STM32F10XXX": {
      "compileConfig": {
        "cpuType": "Cortex-M3",
        "floatingPointHardware": "none",
        "useCustomScatterFile": false,
        "scatterFilePath": "undefined",
        "storageLayout": {
          "RAM": [
            {
              "tag": "RAM",
              "id": 1,
              "mem": {
                "startAddr": "0x0",
                "size": "0x0"
              },
              "isChecked": false,
              "noInit": false
            },
            {
              "tag": "RAM",
              "id": 2,
              "mem": {
                "startAddr": "0x0",
                "size": "0x0"
              },
              "isChecked": false,
              "noInit": false
            },
            {
              "tag": "RAM",
              "id": 3,
              "mem": {
                "startAddr": "0x0",
                "size": "0x0"
              },
              "isChecked": false,
              "noInit": false
            },
            {
              "tag": "IRAM",
              "id": 1,
              "mem": {
                "startAddr": "0x20000000",
                "size": "0x10000"
              },
              "isChecked": true,
              "noInit": false
            },
            {
              "tag": "IRAM",
              "id": 2,
              "mem": {
                "startAddr": "0x0",
                "size": "0x0"
              },
              "isChecked": false,
              "noInit": false
            }
          ],
          "ROM": [
            {
              "tag": "ROM",
              "id": 1,
              "mem": {
                "startAddr": "0x0",
                "size": "0x0"
              },
              "isChecked": false,
              "isStartup": false
            },
            {
              "tag": "ROM",
              "id": 2,
              "mem": {
                "startAddr": "0x0",
                "size": "0x0"
              },
              "isChecked": false,
              "isStartup": false
            },
            {
              "tag": "ROM",
              "id": 3,
              "mem": {
                "startAddr": "0x0",
                "size": "0x0"
              },
              "isChecked": false,
              "isStartup": false
            },
            {
              "tag": "IROM",
              "id": 1,
              "mem": {
                "startAddr": "0x8000000",
                "size": "0x80000"
              },
              "isChecked": true,
              "isStartup": true
            },
            {
              "tag": "IROM",
              "id": 2,
              "mem": {
                "startAddr": "0x0",
                "size": "0x0"
              },
              "isChecked": false,
              "isStartup": false
            }
          ]
        },
        "options": "null"
      },
      "uploader": "JLink",
      "uploadConfig": {
        "bin": "",
        "baseAddr": "0x08000000",
        "cpuInfo": {
          "vendor": "ST",
          "cpuName": "STM32F103C8"
        },
        "proType": 1,
        "speed": 8000,
        "otherCmds": ""
      },
      "uploadConfigMap": {},
      "toolchain": "AC5",
      "custom_dep": {
        "name": "default",
        "sourceDirList": [],
        "libList": [],
        "incList": [
          ".",
          "../SystemLibraries/delay",
          "../SystemLibraries/sys",
          "../SystemLibraries",
          "../Kernel",
          "../FwlibLibraries/inc",
          "../BoardHardware",
          "../BoardHardware/ADC",
          "../BoardHardware/DAC",
          "../BoardHardware/DMA",
          "../BoardHardware/EXTI",
          "../BoardHardware/GBK_LibDrive",
          "../BoardHardware/IIC",
          "../BoardHardware/KEY",
          "../BoardHardware/LCD",
          "../BoardHardware/LED",
          "../BoardHardware/SPI",
          "../BoardHardware/TIMER",
          "../BoardHardware/TOUCH",
          "../BoardHardware/W25QXX",
          "../BoardHardware/WDG",
          "../SystemLibraries/usart",
          "../BoardHardware/AHT10",
          "RTE/_STM32F10XXX"
        ],
        "defineList": [
          "STM32F10X_HD",
          "USE_STDPERIPH_DRIVER"
        ]
      },
      "excludeList": []
    }
  },
  "version": "3.1"
}